{
  "max": {
    "comment_ratio": 99.96180290297937,
    "cyclomatic_complexity": 692,
    "fanout_external": 12,
    "fanout_internal": 1,
    "halstead_bugprop": 57.03493133934267,
    "halstead_difficulty": 1259.3076923076924,
    "halstead_effort": 135559435.84615386,
    "halstead_timerequired": 7531079.76923077,
    "halstead_volume": 171104.794018028,
    "loc": 5734,
    "operands_sum": 13510,
    "operands_uniq": 428,
    "operators_sum": 7397,
    "operators_uniq": 44
  },
  "mean": {
    "comment_ratio": 4.227538413426319,
    "cyclomatic_complexity": 21.34435831180017,
    "fanout_external": 0.6819408555842664,
    "fanout_internal": 0.0017226528854435831,
    "halstead_bugprop": 1.2636303570911627,
    "halstead_difficulty": 36.24925768120358,
    "halstead_effort": 245707.91024898444,
    "halstead_timerequired": 13650.439458276913,
    "halstead_volume": 3790.8910712734883,
    "loc": 91.05679012345679,
    "operands_sum": 306.0359460235429,
    "operands_uniq": 58.666494401378124,
    "operators_sum": 294.54694229112835,
    "operators_uniq": 14.257766293425208
  },
  "median": {
    "comment_ratio": 0.0,
    "cyclomatic_complexity": 16,
    "fanout_external": 1,
    "fanout_internal": 0,
    "halstead_bugprop": 1.0214862061332688,
    "halstead_difficulty": 30.357142857142858,
    "halstead_effort": 85878.88958355051,
    "halstead_timerequired": 4771.049421308362,
    "halstead_volume": 3064.4586183998067,
    "loc": 77,
    "operands_sum": 256,
    "operands_uniq": 56,
    "operators_sum": 245,
    "operators_uniq": 14
  },
  "min": {
    "comment_ratio": 0.0,
    "cyclomatic_complexity": 0,
    "fanout_external": 0,
    "fanout_internal": 0,
    "halstead_effort": 1.0,
    "halstead_timerequired": 0.05555555555555555,
    "halstead_volume": 2.0,
    "loc": 1,
    "operands_sum": 0,
    "operands_uniq": 0,
    "operators_sum": 0,
    "operators_uniq": 0
  },
  "sd": {
    "comment_ratio": 8.38416533625045,
    "cyclomatic_complexity": 28.64941959833921,
    "fanout_external": 0.7880783938087462,
    "fanout_internal": 0.041470279785828706,
    "halstead_bugprop": 1.3648430930950994,
    "halstead_difficulty": 32.5527586752353,
    "halstead_effort": 1937431.4871149312,
    "halstead_timerequired": 107635.08261749617,
    "halstead_volume": 4094.529279285298,
    "loc": 90.74204286629943,
    "operands_sum": 340.0726114285898,
    "operands_uniq": 24.594568249569857,
    "operators_sum": 280.7040842192412,
    "operators_uniq": 4.023060658440483
  }
}